-- phpMyAdmin SQL Dump
-- version 4.6.5.2
-- https://www.phpmyadmin.net/
--
-- Host: 127.0.0.1
-- Generation Time: Sep 29, 2017 at 06:45 PM
-- Server version: 10.1.21-MariaDB
-- PHP Version: 5.6.30

SET SQL_MODE = "NO_AUTO_VALUE_ON_ZERO";
SET time_zone = "+00:00";


/*!40101 SET @OLD_CHARACTER_SET_CLIENT=@@CHARACTER_SET_CLIENT */;
/*!40101 SET @OLD_CHARACTER_SET_RESULTS=@@CHARACTER_SET_RESULTS */;
/*!40101 SET @OLD_COLLATION_CONNECTION=@@COLLATION_CONNECTION */;
/*!40101 SET NAMES utf8mb4 */;

--
-- Database: `absen`
--

DELIMITER $$
--
-- Procedures
--
CREATE DEFINER=`root`@`localhost` PROCEDURE `CHANGE_STATUS` (IN `IN_NIP` BIGINT, IN `IN_STATUS` INT)  NO SQL
UPDATE pegawai
SET STATUS=IF(IN_STATUS=1,0,1)
WHERE IN_NIP=NIP$$

CREATE DEFINER=`root`@`localhost` PROCEDURE `CHANGE_USER_STATUS` (IN `IN_NIP` BIGINT, IN `IN_STATUS` INT)  NO SQL
UPDATE user
SET STATUS=IF(IN_STATUS=1,0,1)
WHERE NIP_PEGAWAI=IN_NIP$$

CREATE DEFINER=`root`@`localhost` PROCEDURE `DELETE_NON_PEGAWAI` (IN `IN_ID` INT)  NO SQL
DELETE FROM non_pegawai 
WHERE ID=IN_ID$$

CREATE DEFINER=`root`@`localhost` PROCEDURE `DELETE_PEGAWAI` (IN `IN_ID_PEGAWAI` INT)  NO SQL
DELETE FROM pegawai where ID_PEGAWAI = IN_ID_PEGAWAI$$

CREATE DEFINER=`root`@`localhost` PROCEDURE `DELETE_USER` (IN `IN_ID` INT)  NO SQL
DELETE FROM user WHERE ID_USER=IN_ID$$

CREATE DEFINER=`root`@`localhost` PROCEDURE `EDIT_NON_PEGAWAI` (IN `IN_ID` INT, IN `IN_NAMA` VARCHAR(50), IN `IN_INSTITUSI` VARCHAR(100))  NO SQL
UPDATE non_pegawai 
SET NAMA=IN_NAMA , INSTITUSI=IN_INSTITUSI
WHERE ID=IN_ID$$

CREATE DEFINER=`root`@`localhost` PROCEDURE `EDIT_PEGAWAI` (IN `IN_NAMA_PEGAWAI` VARCHAR(50), IN `IN_NIP_PEGAWAI` BIGINT, IN `IN_SATKER_PEGAWAI` INT, IN `IN_ID_PEGAWAI` INT)  NO SQL
UPDATE pegawai 
SET NAMA=IN_NAMA_PEGAWAI, NIP=IN_NIP_PEGAWAI, ID_SATKER=IN_SATKER_PEGAWAI
WHERE ID_PEGAWAI=IN_ID_PEGAWAI$$

CREATE DEFINER=`root`@`localhost` PROCEDURE `EDIT_USER` (IN `IN_ID` INT, IN `IN_NIP` BIGINT, IN `IN_PASSWORD` VARCHAR(100), IN `IN_OTORITAS` INT)  NO SQL
UPDATE user 
SET PASSWORD=IN_PASSWORD,OTORITAS=IN_OTORITAS,NIP_PEGAWAI=IN_NIP
WHERE ID_USER=IN_ID$$

CREATE DEFINER=`root`@`localhost` PROCEDURE `GET_ONE_NON_PEGAWAI` (IN `IN_NAMA` VARCHAR(50))  NO SQL
SELECT * FROM non_pegawai WHERE NAMA = IN_NAMA$$

CREATE DEFINER=`root`@`localhost` PROCEDURE `GET_ONE_NON_PEGAWAI_ID` (IN `IN_ID` INT)  NO SQL
SELECT * FROM non_pegawai 
WHERE ID=IN_ID$$

CREATE DEFINER=`root`@`localhost` PROCEDURE `GET_ONE_PEGAWAI` (IN `IN_NIP_PEGAWAI` BIGINT)  NO SQL
SELECT * FROM pegawai where NIP = IN_NIP_PEGAWAI$$

CREATE DEFINER=`root`@`localhost` PROCEDURE `GET_ONE_USER` (IN `IN_NIP_PEGAWAI` BIGINT)  NO SQL
SELECT * FROM user WHERE NIP_PEGAWAI=IN_NIP_PEGAWAI$$

CREATE DEFINER=`root`@`localhost` PROCEDURE `INPUT_ABSEN` (IN `IN_ID_PEGAWAI` INT, IN `IN_WAKTU` DATETIME)  NO SQL
INSERT INTO absensi ( ID_USER, TANGGAL) 
SELECT * FROM (SELECT IN_ID_PEGAWAI, IN_WAKTU) AS tmp
WHERE NOT EXISTS (
    SELECT ID_USER , TANGGAL FROM absensi WHERE ID_USER = IN_ID_PEGAWAI
    AND DATE(TANGGAL) = DATE(IN_WAKTU)
)$$

CREATE DEFINER=`root`@`localhost` PROCEDURE `NEW_USER` (IN `IN_NIP` BIGINT, IN `IN_NAMA` VARCHAR(50), IN `IN_ID_SATKER` INT)  NO SQL
INSERT INTO pegawai (NAMA,NIP,SATKER,STATUS) VALUES (IN_NAMA,IN_NIP,IN_ID_SATKER,1)$$

DELIMITER ;

-- --------------------------------------------------------

--
-- Table structure for table `data_excel`
--

CREATE TABLE `data_excel` (
  `NAMA` varchar(50) NOT NULL,
  `NIP` varchar(50) NOT NULL,
  `TANGGAL` datetime NOT NULL
) ENGINE=InnoDB DEFAULT CHARSET=latin1;

-- --------------------------------------------------------

--
-- Table structure for table `hari_libur`
--

CREATE TABLE `hari_libur` (
  `ID_HARI_LIBUR` int(11) NOT NULL,
  `TANGGAL` date NOT NULL,
  `KETERANGAN` text,
  `ID_USER_INPUT` int(11) NOT NULL,
  `DATE_MODIFIED` timestamp NOT NULL DEFAULT CURRENT_TIMESTAMP ON UPDATE CURRENT_TIMESTAMP
) ENGINE=InnoDB DEFAULT CHARSET=latin1;

--
-- Dumping data for table `hari_libur`
--

INSERT INTO `hari_libur` (`ID_HARI_LIBUR`, `TANGGAL`, `KETERANGAN`, `ID_USER_INPUT`, `DATE_MODIFIED`) VALUES
(4, '2017-09-13', 'drop etprof', 1, '2017-09-06 03:12:25'),
(5, '2017-06-13', 'drop etprof pls', 1, '2017-09-06 03:13:19');

-- --------------------------------------------------------

--
-- Table structure for table `non_pegawai`
--

CREATE TABLE `non_pegawai` (
  `ID` bigint(20) NOT NULL,
  `NAMA` varchar(50) NOT NULL,
  `INSTITUSI` varchar(100) NOT NULL,
  `DATE_MODIFIED` timestamp NOT NULL DEFAULT CURRENT_TIMESTAMP ON UPDATE CURRENT_TIMESTAMP
) ENGINE=InnoDB DEFAULT CHARSET=latin1;

--
-- Dumping data for table `non_pegawai`
--

INSERT INTO `non_pegawai` (`ID`, `NAMA`, `INSTITUSI`, `DATE_MODIFIED`) VALUES
(1, 'Pak Satrio', 'FILKOM', '2017-09-23 07:24:34'),
(2, 'awdawd', '', '2017-09-23 10:02:49');

-- --------------------------------------------------------

--
-- Table structure for table `pegawai`
--

CREATE TABLE `pegawai` (
  `ID_PEGAWAI` int(11) NOT NULL,
  `NIP` varchar(50) NOT NULL,
  `NAMA` varchar(50) NOT NULL,
  `ID_SATKER` int(11) NOT NULL,
  `STATUS` int(11) NOT NULL,
  `DATE_MODIFIED` timestamp NOT NULL DEFAULT CURRENT_TIMESTAMP ON UPDATE CURRENT_TIMESTAMP
) ENGINE=InnoDB DEFAULT CHARSET=latin1;

--
-- Dumping data for table `pegawai`
--

INSERT INTO `pegawai` (`ID_PEGAWAI`, `NIP`, `NAMA`, `ID_SATKER`, `STATUS`, `DATE_MODIFIED`) VALUES
(1, '145150401111036', 'Eki Yusandhi Iskandar', 2, 1, '2017-08-09 05:11:04'),
(2, '145150407111034', 'Ahmad Luthfi Teguh', 2, 0, '2017-08-09 05:11:04'),
(3, '15149841', 'Jabbar Satrio Wicaksono', 1, 0, '2017-08-09 05:11:04'),
(5, '98929', 'Dedi Setiadi', 2, 0, '2017-08-09 07:10:13'),
(189, '1685071368499', 'Tamara', 1, 1, '2017-08-09 05:11:04'),
(190, '1691102662499', 'Logan', 2, 1, '2017-08-09 05:11:04'),
(191, '1669040824899', 'Sonia', 2, 0, '2017-08-09 05:11:04'),
(192, '1614112862399', 'Robert', 2, 1, '2017-08-09 05:11:04'),
(193, '1656042765099', 'Cassidy', 1, 0, '2017-08-09 05:11:04'),
(194, '1660023053599', 'Wade', 1, 0, '2017-08-09 05:11:04'),
(195, '1637012482999', 'Sigourney', 1, 1, '2017-08-09 05:11:04'),
(196, '1613021884699', 'Julie', 1, 1, '2017-08-09 05:11:04'),
(197, '1645101661099', 'Conan', 2, 1, '2017-08-09 05:11:04'),
(198, '1696071568999', 'Silas', 2, 0, '2017-08-17 20:08:30'),
(199, '1691122337699', 'Joy', 1, 0, '2017-08-09 05:11:04'),
(200, '1632062101199', 'Zorita', 2, 0, '2017-08-09 05:11:04'),
(201, '1696010970499', 'Isaiah', 2, 1, '2017-08-09 05:11:04'),
(202, '1651052534899', 'Kerry', 1, 1, '2017-08-09 05:11:04'),
(203, '1605081787899', 'Cedric', 1, 0, '2017-08-09 05:23:52'),
(204, '1631030297099', 'Uriel', 2, 1, '2017-08-09 05:11:04'),
(205, '1659020355599', 'Aline', 2, 0, '2017-08-09 05:11:04'),
(206, '1663052784399', 'Didi', 2, 0, '2017-08-11 16:02:51'),
(207, '1628120998099', 'Whilemina', 2, 0, '2017-08-09 05:11:04'),
(208, '1693110908199', 'Hamilton', 1, 0, '2017-08-09 07:03:55'),
(209, '1676082406999', 'Lance', 1, 0, '2017-08-09 05:11:04'),
(210, '1666032779399', 'Tate', 2, 0, '2017-08-09 07:02:52'),
(211, '1682062015099', 'Linus', 2, 1, '2017-08-09 05:11:04'),
(212, '1688021440899', 'Pandora', 2, 1, '2017-08-09 05:11:04'),
(213, '1659061573499', 'Eaton', 1, 0, '2017-08-09 05:11:04'),
(214, '1659040284799', 'Akeem', 1, 0, '2017-08-09 05:11:04'),
(215, '1684101419799', 'Darius', 2, 1, '2017-08-09 05:11:04'),
(216, '1646010490099', 'Paloma', 2, 0, '2017-08-09 05:11:04'),
(217, '1602020806999', 'Rengginang', 2, 0, '2017-08-11 03:00:49'),
(218, '1676052178499', 'Uta', 2, 0, '2017-08-17 20:08:30'),
(219, '1667082154799', 'Harper', 1, 1, '2017-08-09 05:11:04'),
(221, '1694042222799', 'Xenos', 1, 0, '2017-08-09 05:11:04'),
(222, '1629060745599', 'Driscoll', 2, 1, '2017-08-09 05:11:04'),
(223, '1698071585399', 'Miriam', 2, 0, '2017-08-09 05:11:04'),
(225, '1605041498099', 'Dean', 2, 0, '2017-08-11 16:04:10'),
(226, '1605070758499', 'Rhoda', 2, 1, '2017-08-09 05:11:04'),
(227, '1606021823399', 'Carla', 2, 0, '2017-08-09 05:11:04'),
(228, '1613083005399', 'Kerry', 2, 1, '2017-08-09 05:11:04'),
(229, '1653081602699', 'Pascale', 1, 1, '2017-08-09 05:11:04'),
(230, '1667092896699', 'Yenna', 1, 1, '2017-08-11 16:28:53'),
(231, '1690022321399', 'Whitney', 2, 0, '2017-08-09 05:11:04'),
(232, '1665082415399', 'Eagan', 2, 1, '2017-08-09 05:11:04'),
(233, '1666082944299', 'Vera', 2, 0, '2017-08-09 05:11:04'),
(234, '1661020666699', 'Cameron', 1, 0, '2017-08-09 05:11:04'),
(235, '1674081712999', 'Chio', 1, 0, '2017-08-11 16:03:27'),
(236, '1686041430299', 'Sage', 1, 0, '2017-08-11 16:04:10'),
(237, '1663011309199', 'Bernard', 2, 0, '2017-08-09 05:11:04'),
(238, '1614062230599', 'Cruz', 2, 0, '2017-08-17 20:08:30'),
(239, '1679041683399', 'Kennedy', 1, 0, '2017-08-09 05:11:04'),
(240, '1658040158499', 'Berk', 2, 0, '2017-08-09 05:11:04'),
(241, '1614082381599', 'Jordan', 2, 1, '2017-08-09 05:11:04'),
(242, '1616072580399', 'Alexander', 1, 0, '2017-08-09 05:11:04'),
(243, '1600033015399', 'Nero', 2, 0, '2017-08-09 05:11:04'),
(244, '1690072080799', 'Jarrod', 2, 0, '2017-08-09 05:11:04'),
(245, '1664061940999', 'Andrew', 2, 0, '2017-08-09 05:11:04'),
(246, '1642111740199', 'Spring', 1, 0, '2017-08-09 05:13:53'),
(247, '1614011428199', 'Mari', 2, 0, '2017-08-09 07:06:25'),
(248, '1646010127299', 'Yun', 1, 0, '2017-08-11 03:00:32'),
(249, '1609052955999', 'Ina', 1, 1, '2017-08-09 05:11:04'),
(250, '1646063070999', 'Rhiannon', 1, 0, '2017-08-09 05:11:04'),
(251, '1646020598299', 'Phelan', 1, 0, '2017-08-09 05:11:04'),
(252, '1627052785799', 'Pamela', 2, 0, '2017-08-09 05:11:04'),
(253, '1657102555699', 'Rebecca', 2, 0, '2017-08-09 05:11:04'),
(254, '16h7091813699', 'Kaden', 2, 0, '2017-09-12 05:19:34'),
(255, '1658032304699', 'Lavinia', 2, 1, '2017-08-09 05:11:04'),
(256, '1671112597299', 'Barclay', 1, 0, '2017-08-09 05:19:00'),
(257, '1660092649299', 'Yvette', 2, 0, '2017-08-09 05:11:04'),
(258, '1626012208499', 'Felicia', 1, 0, '2017-08-09 05:11:04'),
(259, '1617061729099', 'Hop', 1, 1, '2017-08-09 05:11:04'),
(260, '1630072963299', 'Byron', 1, 0, '2017-08-09 05:11:04'),
(261, '1685052153599', 'Shelby', 1, 0, '2017-08-09 05:11:04'),
(262, '1671061596699', 'Holmes', 2, 0, '2017-08-09 05:11:04'),
(263, '1683072403199', 'Raja', 2, 0, '2017-08-09 05:11:04'),
(264, '1637061665599', 'Jamin', 1, 0, '2017-08-11 16:02:00'),
(265, '1653061073399', 'Cheryl', 1, 1, '2017-08-09 05:11:04'),
(266, '1622100129699', 'Haley', 2, 1, '2017-08-09 05:11:04'),
(267, '1690051237999', 'Brian', 2, 0, '2017-08-13 04:43:31'),
(268, '1688092587099', 'Marsden', 1, 1, '2017-08-09 05:11:04'),
(269, '1677050686099', 'Sylvia', 1, 0, '2017-08-09 07:02:26'),
(270, '1602111210299', 'Aphrodite', 1, 1, '2017-08-09 05:11:04'),
(271, '1677072003299', 'Shana', 2, 0, '2017-08-09 05:11:04'),
(272, '1610051370999', 'Ora', 1, 0, '2017-08-17 20:08:30'),
(273, '1604081258199', 'Virginia', 1, 0, '2017-08-09 05:11:04'),
(274, '1676030925799', 'Jescie', 1, 0, '2017-08-09 05:11:04'),
(275, '1618081164799', 'Anika', 2, 0, '2017-08-09 05:11:04'),
(276, '1693051124799', 'Lamar', 2, 1, '2017-08-09 05:11:04'),
(277, '1637112158299', 'Erich', 2, 0, '2017-08-09 05:11:04'),
(278, '1678121569199', 'Bo', 2, 0, '2017-08-09 05:11:04'),
(279, '1649031396099', 'Beau', 1, 0, '2017-08-09 07:01:45'),
(280, '1623071359099', 'Dale', 2, 1, '2017-08-09 05:11:04'),
(281, '1628023065799', 'Bertha', 2, 1, '2017-08-09 05:11:04'),
(282, '1605062140199', 'Zoe', 2, 0, '2017-08-09 05:11:04'),
(283, '1653111901999', 'Xena', 2, 0, '2017-08-09 05:11:04'),
(284, '1646101378099', 'Ulysses', 2, 0, '2017-08-09 07:33:28'),
(285, '1646040238399', 'Christine', 1, 1, '2017-08-09 05:11:04'),
(286, '1665121275599', 'Reese', 1, 0, '2017-08-09 05:11:04'),
(287, '1656051683899', 'Jada', 1, 0, '2017-08-09 05:11:04'),
(288, '1634110141199', 'Camden', 1, 1, '2017-08-09 05:11:04'),
(289, '16889411', 'Zyva', 1, 1, '2017-08-09 05:11:04'),
(324, '145150407111051', 'Luqman Ariffandi', 1, 1, '2017-08-12 05:25:12'),
(325, '950', 'budi', 1, 0, '2017-09-05 23:25:55'),
(327, '121', 'nyoba2', 1, 1, '2017-08-09 05:11:04'),
(330, '27348', 'wow', 1, 0, '2017-08-09 06:58:53'),
(331, '0', '', 1, 0, '2017-08-10 01:05:30'),
(332, '4125', 'awewadaaw', 1, 0, '2017-08-11 05:41:48'),
(333, '54645', 'bgetest lagi', 1, 0, '2017-08-11 05:41:48'),
(334, '0', '', 1, 0, '2017-08-11 07:59:00'),
(335, '0', '', 1, 0, '2017-08-11 08:35:38'),
(336, '0', '', 1, 0, '2017-08-11 08:35:38'),
(337, '0', '', 1, 0, '2017-08-11 08:35:38'),
(338, '0', '', 1, 0, '2017-08-11 08:35:38'),
(339, '0', '', 1, 0, '2017-08-11 08:35:38'),
(340, '412', '21312', 1, 0, '2017-08-11 15:42:31'),
(341, '215421521', 'awdaw', 2, 0, '2017-08-11 16:02:25'),
(342, '0', '', 1, 0, '2017-08-11 17:35:54'),
(343, '0', '', 1, 0, '2017-08-11 17:35:54'),
(344, '0', '', 1, 0, '2017-08-11 17:35:54'),
(345, '0', '', 1, 0, '2017-08-11 17:35:54'),
(346, '0', '', 1, 0, '2017-08-11 17:40:52'),
(347, '0', '', 1, 0, '2017-08-11 18:45:24'),
(348, '0', '', 1, 0, '2017-08-11 18:45:24'),
(349, '0', '', 1, 0, '2017-08-12 01:06:42'),
(350, '0', '', 1, 0, '2017-08-12 01:06:42'),
(351, '1', '2', 1, 0, '2017-08-12 01:06:42'),
(352, '121421421', '12321421', 1, 0, '2017-08-12 02:00:50'),
(353, '352532', 'yay', 1, 0, '2017-08-12 02:03:02'),
(354, '12421', 'jadi lama', 1, 0, '2017-08-12 02:09:51'),
(355, '99', 'ini data dummy', 1, 0, '2017-08-12 08:02:20'),
(356, '2786', 'new pegawai', 1, 0, '2017-08-12 08:43:49'),
(357, '214124', '214124', 1, 0, '2017-08-12 08:47:30'),
(358, '12421', '21412', 1, 0, '2017-08-12 08:49:27'),
(359, '12345', 'budi', 1, 0, '2017-08-12 15:54:24'),
(360, '1242145215', 'pegawai baru', 1, 0, '2017-08-13 12:35:26'),
(361, '12421421', 'baru', 1, 0, '2017-08-14 03:56:17'),
(362, '12321421', 'baru', 2, 0, '2017-08-14 03:56:37'),
(363, '123', 'user nyoba2', 1, 0, '2017-08-24 16:52:33'),
(364, '123', 'user nyoba2', 2, 1, '2017-08-24 16:52:51'),
(365, '12351234', 'ini nama pegawai loh', 1, 0, '2017-08-25 01:15:43'),
(366, '198810212011012000', 'OVY ROCHMAWANTI', 1, 0, '2017-08-25 21:16:29'),
(367, '196607032009011008', 'SUNARI', 1, 0, '2017-08-25 21:16:29'),
(368, '197405062010011008', 'YOHANES TJONDRO B.', 1, 0, '2017-08-26 03:42:18'),
(369, 'C.14.685', 'A. HALIM WAHYU P.', 1, 0, '2017-08-26 03:42:18'),
(370, '123456', 'nyoba itkom', 1, 1, '2017-08-26 06:35:50'),
(371, 'C.14.684', 'KRISMAWATI FITRIANA', 1, 0, '2017-08-27 10:19:43'),
(372, 'C.08.273', 'LEONAR JULIDA P.', 1, 0, '2017-08-27 10:19:43'),
(373, 'C.08.272', 'RIZKI DEVI AMALIA', 1, 0, '2017-08-27 10:19:43'),
(374, 'C.11.491', 'ROHMATUS SHOLIKIN', 1, 0, '2017-08-27 10:19:43'),
(375, 'C.11.467', 'SINGGIH AGUNG P.', 1, 0, '2017-08-27 10:19:43'),
(376, 'C.16.919', 'AGUNG SULISTIYONO', 1, 0, '2017-08-27 10:19:43'),
(377, 'C.16.877', 'IPUT TAUFIQURROHMAN', 1, 0, '2017-08-27 10:19:43'),
(378, 'C.16.876', 'KADEK GITA MARHAENDR', 1, 0, '2017-08-27 10:19:43'),
(379, 'C.16.884', 'LISTYA WIDIANINGRUM', 1, 0, '2017-08-27 10:19:43'),
(380, 'C.16.882', 'MOCHAMMAD ALI MUCHSO', 1, 0, '2017-08-27 10:19:43'),
(381, 'C.16.874', 'RR.OKKY HAYU PRAMESW', 1, 0, '2017-08-27 10:19:43'),
(382, 'C.16.878', 'UDOYO NOPTA PIDIATMA', 1, 0, '2017-08-27 10:19:43'),
(383, 'C.16.975', 'MOCH. FABIAN FAYO', 1, 0, '2017-08-27 10:19:43'),
(384, 'C.15.795', 'IRWAN HERMAWAN', 1, 0, '2017-08-27 10:19:43'),
(385, 'C.15.781', 'EKO ARIF S.', 1, 0, '2017-08-27 10:19:44'),
(390, '90283', 'ngetest', 1, 0, '2017-09-01 14:38:11'),
(391, '123', 'user nyoba2', 2, 0, '2017-09-02 05:18:21'),
(392, '1111111111', 'debug1', 1, 1, '2017-09-04 06:11:41'),
(393, '90283', 'ngetest', 2, 0, '2017-09-02 06:21:04'),
(394, 'C.14.685', 'A. HALIM WAHYU P.', 2, 0, '2017-09-05 17:04:37'),
(395, 'C.16.919', 'AGUNG SULISTIYONO', 2, 0, '2017-09-05 17:04:37'),
(396, 'C.15.781', 'EKO ARIF S.', 2, 0, '2017-09-05 17:04:37'),
(397, 'C.16.877', 'IPUT TAUFIQURROHMAN', 2, 0, '2017-09-05 17:04:37'),
(398, 'C.15.795', 'IRWAN HERMAWAN', 2, 0, '2017-09-05 17:04:37'),
(399, 'C.16.876', 'KADEK GITA MARHAENDR', 2, 0, '2017-09-05 17:04:38'),
(400, 'C.14.684', 'KRISMAWATI FITRIANA', 2, 0, '2017-09-05 17:04:38'),
(401, 'C.08.273', 'LEONAR JULIDA P.', 2, 0, '2017-09-05 17:04:38'),
(402, 'C.16.884', 'LISTYA WIDIANINGRUM', 2, 0, '2017-09-05 17:04:38'),
(403, 'C.16.975', 'MOCH. FABIAN FAYO', 2, 0, '2017-09-05 17:04:38'),
(404, 'C.16.882', 'MOCHAMMAD ALI MUCHSO', 2, 0, '2017-09-05 17:04:38'),
(405, '198810212011012000', 'OVY ROCHMAWANTI', 2, 0, '2017-09-05 17:04:38'),
(406, 'C.08.272', 'RIZKI DEVI AMALIA', 2, 0, '2017-09-05 17:04:38'),
(407, 'C.11.491', 'ROHMATUS SHOLIKIN', 2, 0, '2017-09-05 17:04:38'),
(408, 'C.16.874', 'RR.OKKY HAYU PRAMESW', 2, 0, '2017-09-05 17:04:38'),
(409, 'C.11.467', 'SINGGIH AGUNG P.', 2, 0, '2017-09-05 17:04:38'),
(410, '196607032009011008', 'SUNARI', 2, 0, '2017-09-05 17:04:38'),
(411, 'C.16.878', 'UDOYO NOPTA PIDIATMA', 2, 0, '2017-09-05 17:04:38'),
(412, '197405062010011008', 'YOHANES TJONDRO B.', 2, 0, '2017-09-05 17:04:38');

--
-- Triggers `pegawai`
--
DELIMITER $$
CREATE TRIGGER `update username` AFTER UPDATE ON `pegawai` FOR EACH ROW UPDATE user
SET  USERNAME = NEW.NIP
WHERE ID_PEGAWAI = NEW.ID_PEGAWAI
$$
DELIMITER ;

-- --------------------------------------------------------

--
-- Table structure for table `peserta_rapat`
--

CREATE TABLE `peserta_rapat` (
  `ID_PESERTA_RAPAT` int(11) NOT NULL,
  `ID_RAPAT` int(11) NOT NULL,
  `ID_REF` int(20) NOT NULL,
  `PEGAWAI` int(11) NOT NULL
) ENGINE=InnoDB DEFAULT CHARSET=latin1;

--
-- Dumping data for table `peserta_rapat`
--

INSERT INTO `peserta_rapat` (`ID_PESERTA_RAPAT`, `ID_RAPAT`, `ID_REF`, `PEGAWAI`) VALUES
(90, 6, 3, 1),
(91, 6, 189, 1),
(96, 6, 199, 1),
(97, 6, 202, 1),
(98, 6, 203, 1),
(99, 6, 208, 1),
(102, 6, 3, 0),
(151, 8, 264, 1),
(152, 8, 265, 1),
(153, 8, 268, 1),
(154, 8, 269, 1),
(155, 8, 270, 1),
(156, 8, 272, 1),
(157, 8, 273, 1),
(158, 8, 274, 1),
(159, 8, 1, 0),
(160, 8, 2, 0),
(161, 8, 3, 0),
(162, 4, 3, 1),
(163, 4, 189, 1),
(164, 4, 193, 1),
(165, 4, 194, 1),
(166, 4, 195, 1),
(167, 4, 196, 1),
(168, 4, 199, 1),
(169, 4, 202, 1),
(170, 4, 203, 1),
(171, 4, 208, 1),
(172, 8, 3, 1),
(173, 8, 189, 1),
(174, 8, 193, 1),
(175, 8, 194, 1),
(176, 8, 195, 1),
(177, 8, 196, 1),
(178, 8, 199, 1),
(179, 8, 202, 1),
(180, 8, 203, 1),
(181, 8, 208, 1),
(196, 12, 3, 1),
(197, 12, 189, 1),
(198, 12, 193, 1),
(199, 12, 194, 1),
(200, 12, 195, 1),
(201, 12, 196, 1),
(202, 12, 199, 1),
(203, 12, 202, 1),
(204, 12, 203, 1),
(205, 12, 208, 1),
(207, 16, 189, 1),
(208, 16, 193, 1),
(209, 16, 194, 1),
(210, 16, 195, 1),
(211, 16, 196, 1),
(212, 16, 199, 1),
(213, 16, 202, 1),
(214, 16, 203, 1),
(215, 16, 208, 1),
(216, 16, 1, 0),
(217, 16, 2, 0),
(218, 16, 3, 0),
(220, 17, 189, 1),
(221, 17, 193, 1),
(222, 17, 194, 1),
(223, 17, 195, 1),
(224, 17, 196, 1),
(225, 17, 199, 1),
(226, 17, 202, 1),
(227, 17, 203, 1),
(228, 17, 208, 1),
(229, 23, 3, 1),
(230, 23, 189, 1),
(231, 23, 193, 1),
(232, 23, 194, 1),
(233, 23, 195, 1),
(234, 23, 196, 1),
(235, 23, 199, 1),
(236, 23, 202, 1),
(237, 23, 203, 1),
(238, 23, 208, 1),
(239, 24, 3, 1),
(245, 24, 199, 1),
(246, 24, 202, 1),
(247, 24, 203, 1),
(248, 24, 208, 1),
(255, 24, 2, 0),
(256, 24, 189, 1),
(257, 22, 3, 1),
(258, 22, 189, 1),
(259, 16, 3, 1),
(260, 22, 324, 1),
(261, 13, 3, 1),
(262, 25, 3, 1),
(263, 25, 189, 1),
(269, 26, 196, 1),
(270, 26, 199, 1),
(271, 26, 202, 1),
(272, 26, 203, 1),
(273, 26, 208, 1),
(274, 26, 3, 1),
(275, 26, 1, 0),
(276, 27, 3, 1),
(277, 27, 189, 1),
(278, 27, 193, 1),
(279, 27, 194, 1),
(280, 27, 195, 1),
(281, 27, 196, 1),
(282, 27, 199, 1),
(283, 27, 202, 1),
(284, 27, 203, 1),
(285, 27, 208, 1),
(286, 26, 189, 1),
(287, 26, 193, 1),
(288, 26, 194, 1),
(289, 26, 195, 1),
(290, 26, 209, 1),
(291, 26, 213, 1),
(292, 26, 214, 1),
(293, 26, 219, 1),
(294, 26, 221, 1),
(295, 26, 229, 1),
(296, 28, 3, 1),
(297, 28, 189, 1),
(298, 28, 1, 0),
(299, 31, 3, 1),
(300, 31, 189, 1),
(301, 31, 193, 1),
(302, 31, 194, 1),
(303, 31, 195, 1),
(304, 31, 196, 1),
(305, 31, 199, 1),
(306, 31, 202, 1),
(307, 31, 203, 1),
(308, 31, 208, 1),
(309, 31, 1, 0),
(310, 31, 2, 0),
(311, 31, 3, 0),
(312, 36, 1, 1),
(313, 36, 3, 1),
(314, 36, 2, 1),
(315, 36, 189, 1),
(316, 36, 1, 1),
(317, 36, 1, 0),
(318, 36, 193, 1);

-- --------------------------------------------------------

--
-- Table structure for table `presensi`
--

CREATE TABLE `presensi` (
  `ID_PRESENSI` int(11) NOT NULL,
  `ID_PEGAWAI` int(11) NOT NULL,
  `TANGGAL` date NOT NULL,
  `TERAKHIR_PRESENSI` time NOT NULL,
  `LEMBUR` int(11) NOT NULL,
  `HITUNG` int(11) NOT NULL DEFAULT '1',
  `ID_USER_INPUT` int(11) NOT NULL,
  `DATE_MODIFIED` timestamp NOT NULL DEFAULT CURRENT_TIMESTAMP ON UPDATE CURRENT_TIMESTAMP
) ENGINE=InnoDB DEFAULT CHARSET=latin1;

--
-- Dumping data for table `presensi`
--

INSERT INTO `presensi` (`ID_PRESENSI`, `ID_PEGAWAI`, `TANGGAL`, `TERAKHIR_PRESENSI`, `LEMBUR`, `HITUNG`, `ID_USER_INPUT`, `DATE_MODIFIED`) VALUES
(3302, 393, '2017-08-01', '17:50:00', 2, 1, 1, '2017-09-14 01:55:50'),
(3303, 394, '2017-06-02', '15:49:00', 0, 1, 1, '2017-09-06 00:51:17'),
(3304, 394, '2017-06-05', '16:13:00', 1, 0, 1, '2017-09-12 03:18:40'),
(3305, 394, '2017-06-06', '15:13:00', 0, 1, 1, '2017-09-06 00:51:18'),
(3306, 394, '2017-06-07', '23:28:00', 8, 1, 1, '2017-09-06 06:14:33'),
(3307, 394, '2017-06-08', '18:53:00', 3, 1, 1, '2017-09-06 06:14:33'),
(3308, 394, '2017-06-09', '14:54:00', 0, 1, 1, '2017-09-06 00:51:18'),
(3309, 394, '2017-06-12', '15:33:00', 0, 1, 1, '2017-09-06 00:51:18'),
(3310, 394, '2017-06-13', '16:14:00', 1, 1, 1, '2017-09-06 00:51:18'),
(3311, 394, '2017-06-14', '18:37:00', 3, 1, 1, '2017-09-06 00:51:18'),
(3312, 394, '2017-06-15', '15:06:00', 0, 1, 1, '2017-09-06 00:51:18'),
(3313, 394, '2017-06-16', '15:58:00', 0, 1, 1, '2017-09-06 00:51:18'),
(3314, 394, '2017-06-19', '15:44:00', 0, 1, 1, '2017-09-06 00:51:18'),
(3315, 394, '2017-06-20', '17:05:00', 2, 1, 1, '2017-09-06 00:51:18'),
(3316, 394, '2017-06-21', '16:08:00', 1, 1, 1, '2017-09-06 00:51:18'),
(3317, 394, '2017-06-22', '15:44:00', 0, 1, 1, '2017-09-06 00:51:18'),
(3318, 395, '2017-06-01', '09:18:00', 0, 1, 1, '2017-09-06 00:51:18'),
(3319, 395, '2017-06-02', '15:37:00', 0, 1, 1, '2017-09-06 00:51:18'),
(3320, 395, '2017-06-05', '16:13:00', 1, 1, 1, '2017-09-06 00:51:18'),
(3321, 395, '2017-06-06', '15:13:00', 0, 1, 1, '2017-09-06 00:51:18'),
(3322, 395, '2017-06-07', '23:29:00', 8, 1, 1, '2017-09-06 00:51:18'),
(3323, 395, '2017-06-08', '18:53:00', 3, 1, 1, '2017-09-06 00:51:18'),
(3324, 395, '2017-06-09', '14:54:00', 0, 1, 1, '2017-09-06 00:51:18'),
(3325, 395, '2017-06-12', '15:33:00', 0, 1, 1, '2017-09-06 00:51:18'),
(3326, 395, '2017-06-13', '16:14:00', 1, 1, 1, '2017-09-06 00:51:18'),
(3327, 395, '2017-06-14', '18:37:00', 3, 1, 1, '2017-09-06 00:51:18'),
(3328, 395, '2017-06-15', '15:06:00', 0, 1, 1, '2017-09-06 00:51:18'),
(3329, 395, '2017-06-16', '15:35:00', 0, 1, 1, '2017-09-06 00:51:18'),
(3330, 395, '2017-06-19', '15:36:00', 0, 1, 1, '2017-09-06 00:51:18'),
(3331, 395, '2017-06-20', '17:05:00', 2, 1, 1, '2017-09-06 00:51:18'),
(3332, 395, '2017-06-21', '16:07:00', 1, 1, 1, '2017-09-06 00:51:18'),
(3333, 395, '2017-06-22', '15:32:00', 0, 1, 1, '2017-09-06 00:51:18'),
(3334, 396, '2017-06-01', '15:18:00', 0, 1, 1, '2017-09-06 00:51:18'),
(3335, 396, '2017-06-02', '14:35:00', 0, 1, 1, '2017-09-06 00:51:18'),
(3336, 396, '2017-06-05', '15:08:00', 0, 1, 1, '2017-09-06 00:51:18'),
(3337, 396, '2017-06-06', '16:45:00', 1, 1, 1, '2017-09-06 00:51:18'),
(3338, 396, '2017-06-07', '15:59:00', 0, 1, 1, '2017-09-06 00:51:18'),
(3339, 396, '2017-06-08', '15:26:00', 0, 1, 1, '2017-09-06 00:51:18'),
(3340, 396, '2017-06-09', '14:41:00', 0, 1, 1, '2017-09-06 00:51:18'),
(3341, 396, '2017-06-12', '15:34:00', 0, 1, 1, '2017-09-06 00:51:19'),
(3342, 396, '2017-06-13', '16:14:00', 1, 1, 1, '2017-09-06 00:51:19'),
(3343, 396, '2017-06-14', '15:29:00', 0, 1, 1, '2017-09-06 00:51:19'),
(3344, 396, '2017-06-15', '15:34:00', 0, 1, 1, '2017-09-06 00:51:19'),
(3345, 396, '2017-06-16', '15:32:00', 0, 1, 1, '2017-09-06 00:51:19'),
(3346, 396, '2017-06-19', '16:54:00', 1, 1, 1, '2017-09-06 00:51:19'),
(3347, 396, '2017-06-20', '16:59:00', 1, 1, 1, '2017-09-06 00:51:19'),
(3348, 396, '2017-06-21', '16:10:00', 1, 1, 1, '2017-09-06 00:51:19'),
(3349, 396, '2017-06-22', '15:17:00', 0, 1, 1, '2017-09-06 00:51:19'),
(3350, 397, '2017-06-01', '10:14:00', 0, 1, 1, '2017-09-06 00:51:19'),
(3351, 397, '2017-06-02', '15:49:00', 0, 1, 1, '2017-09-06 00:51:19'),
(3352, 397, '2017-06-05', '16:13:00', 1, 1, 1, '2017-09-06 00:51:19'),
(3353, 397, '2017-06-06', '16:11:00', 1, 1, 1, '2017-09-06 00:51:19'),
(3354, 397, '2017-06-07', '17:34:00', 2, 1, 1, '2017-09-06 00:51:19'),
(3355, 397, '2017-06-08', '18:53:00', 3, 1, 1, '2017-09-06 00:51:19'),
(3356, 397, '2017-06-09', '14:47:00', 0, 1, 1, '2017-09-06 00:51:19'),
(3357, 397, '2017-06-12', '16:00:00', 1, 1, 1, '2017-09-06 00:51:19'),
(3358, 397, '2017-06-13', '16:14:00', 1, 1, 1, '2017-09-06 00:51:19'),
(3359, 397, '2017-06-14', '16:24:00', 1, 1, 1, '2017-09-06 00:51:19'),
(3360, 397, '2017-06-15', '16:56:00', 1, 1, 1, '2017-09-06 00:51:19'),
(3361, 397, '2017-06-16', '15:58:00', 0, 1, 1, '2017-09-06 00:51:19'),
(3362, 397, '2017-06-19', '16:35:00', 1, 1, 1, '2017-09-06 00:51:19'),
(3363, 397, '2017-06-20', '16:50:00', 1, 1, 1, '2017-09-06 00:51:19'),
(3364, 397, '2017-06-21', '15:59:00', 0, 1, 1, '2017-09-06 00:51:19'),
(3365, 397, '2017-06-22', '15:08:00', 0, 1, 1, '2017-09-06 00:51:19'),
(3366, 398, '2017-06-01', '09:59:00', 0, 1, 1, '2017-09-06 00:51:19'),
(3367, 398, '2017-06-02', '15:49:00', 0, 1, 1, '2017-09-06 00:51:19'),
(3368, 398, '2017-06-05', '16:14:00', 1, 1, 1, '2017-09-06 00:51:19'),
(3369, 398, '2017-06-06', '16:45:00', 1, 1, 1, '2017-09-06 00:51:19'),
(3370, 398, '2017-06-07', '16:31:00', 1, 1, 1, '2017-09-06 00:51:19'),
(3371, 398, '2017-06-08', '15:02:00', 0, 1, 1, '2017-09-06 00:51:19'),
(3372, 398, '2017-06-09', '14:40:00', 0, 1, 1, '2017-09-06 00:51:19'),
(3373, 398, '2017-06-12', '15:59:00', 0, 1, 1, '2017-09-06 00:51:19'),
(3374, 398, '2017-06-13', '16:14:00', 1, 1, 1, '2017-09-06 00:51:19'),
(3375, 398, '2017-06-14', '16:24:00', 1, 1, 1, '2017-09-06 00:51:19'),
(3376, 398, '2017-06-15', '16:54:00', 1, 1, 1, '2017-09-06 00:51:19'),
(3377, 398, '2017-06-16', '16:36:00', 1, 1, 1, '2017-09-06 00:51:19'),
(3378, 398, '2017-06-19', '15:14:00', 0, 1, 1, '2017-09-06 00:51:19'),
(3379, 398, '2017-06-20', '15:41:00', 0, 1, 1, '2017-09-06 00:51:19'),
(3380, 398, '2017-06-21', '18:57:00', 3, 1, 1, '2017-09-06 00:51:20'),
(3381, 398, '2017-06-22', '17:04:00', 2, 1, 1, '2017-09-06 00:51:20'),
(3382, 399, '2017-06-01', '07:03:00', 0, 1, 1, '2017-09-06 00:51:20'),
(3383, 399, '2017-06-02', '15:49:00', 0, 1, 1, '2017-09-06 00:51:20'),
(3384, 399, '2017-06-05', '16:05:00', 1, 1, 1, '2017-09-06 00:51:20'),
(3385, 399, '2017-06-06', '15:13:00', 0, 1, 1, '2017-09-06 00:51:20'),
(3386, 399, '2017-06-07', '15:17:00', 0, 1, 1, '2017-09-06 00:51:20'),
(3387, 399, '2017-06-08', '15:26:00', 0, 1, 1, '2017-09-06 00:51:20'),
(3388, 399, '2017-06-09', '15:05:00', 0, 1, 1, '2017-09-06 00:51:20'),
(3389, 399, '2017-06-12', '16:00:00', 1, 1, 1, '2017-09-06 00:51:20'),
(3390, 399, '2017-06-13', '16:14:00', 1, 1, 1, '2017-09-06 00:51:20'),
(3391, 399, '2017-06-14', '16:24:00', 1, 1, 1, '2017-09-06 00:51:20'),
(3392, 399, '2017-06-15', '15:09:00', 0, 1, 1, '2017-09-06 00:51:20'),
(3393, 399, '2017-06-16', '15:58:00', 0, 1, 1, '2017-09-06 00:51:20'),
(3394, 399, '2017-06-19', '15:44:00', 0, 1, 1, '2017-09-06 00:51:20'),
(3395, 399, '2017-06-20', '16:01:00', 1, 1, 1, '2017-09-06 00:51:20'),
(3396, 399, '2017-06-21', '15:13:00', 0, 1, 1, '2017-09-06 00:51:20'),
(3397, 399, '2017-06-22', '15:44:00', 0, 1, 1, '2017-09-06 00:51:20'),
(3398, 400, '2017-06-01', '08:25:00', 0, 1, 1, '2017-09-06 00:51:20'),
(3399, 400, '2017-06-02', '14:39:00', 0, 1, 1, '2017-09-06 00:51:20'),
(3400, 400, '2017-06-05', '15:06:00', 0, 1, 1, '2017-09-06 00:51:20'),
(3401, 400, '2017-06-06', '16:12:00', 1, 1, 1, '2017-09-06 00:51:20'),
(3402, 400, '2017-06-07', '15:13:00', 0, 1, 1, '2017-09-06 00:51:20'),
(3403, 400, '2017-06-08', '15:01:00', 0, 1, 1, '2017-09-06 00:51:20'),
(3404, 400, '2017-06-09', '14:42:00', 0, 1, 1, '2017-09-06 00:51:20'),
(3405, 400, '2017-06-12', '15:09:00', 0, 1, 1, '2017-09-06 00:51:20'),
(3406, 400, '2017-06-13', '15:06:00', 0, 1, 1, '2017-09-06 00:51:20'),
(3407, 400, '2017-06-14', '15:11:00', 0, 1, 1, '2017-09-06 00:51:20'),
(3408, 400, '2017-06-15', '15:07:00', 0, 1, 1, '2017-09-06 00:51:20'),
(3409, 400, '2017-06-16', '14:35:00', 0, 1, 1, '2017-09-06 00:51:20'),
(3410, 400, '2017-06-19', '16:41:00', 1, 1, 1, '2017-09-06 00:51:20'),
(3411, 400, '2017-06-20', '21:12:00', 6, 1, 1, '2017-09-06 00:51:20'),
(3412, 400, '2017-06-21', '15:07:00', 0, 1, 1, '2017-09-06 00:51:20'),
(3413, 400, '2017-06-22', '15:04:00', 0, 1, 1, '2017-09-06 00:51:20'),
(3414, 401, '2017-06-02', '14:35:00', 0, 1, 1, '2017-09-06 00:51:20'),
(3415, 401, '2017-06-05', '15:12:00', 0, 1, 1, '2017-09-06 00:51:20'),
(3416, 401, '2017-06-06', '15:08:00', 0, 1, 1, '2017-09-06 00:51:20'),
(3417, 401, '2017-06-07', '15:10:00', 0, 1, 1, '2017-09-06 00:51:20'),
(3418, 401, '2017-06-08', '15:08:00', 0, 1, 1, '2017-09-06 00:51:20'),
(3419, 401, '2017-06-09', '14:39:00', 0, 1, 1, '2017-09-06 00:51:20'),
(3420, 401, '2017-06-12', '15:10:00', 0, 1, 1, '2017-09-06 00:51:21'),
(3421, 401, '2017-06-13', '15:12:00', 0, 1, 1, '2017-09-06 00:51:21'),
(3422, 401, '2017-06-14', '15:09:00', 0, 1, 1, '2017-09-06 00:51:21'),
(3423, 401, '2017-06-15', '15:19:00', 0, 1, 1, '2017-09-06 00:51:21'),
(3424, 401, '2017-06-16', '14:47:00', 0, 1, 1, '2017-09-06 00:51:21'),
(3425, 401, '2017-06-19', '15:29:00', 0, 1, 1, '2017-09-06 00:51:21'),
(3426, 401, '2017-06-20', '15:08:00', 0, 1, 1, '2017-09-06 00:51:21'),
(3427, 401, '2017-06-21', '19:40:00', 4, 1, 1, '2017-09-06 00:51:21'),
(3428, 401, '2017-06-22', '15:07:00', 0, 1, 1, '2017-09-06 00:51:21'),
(3429, 402, '2017-06-01', '09:08:00', 0, 1, 1, '2017-09-06 00:51:21'),
(3430, 402, '2017-06-02', '14:40:00', 0, 1, 1, '2017-09-06 00:51:21'),
(3431, 402, '2017-06-05', '15:15:00', 0, 1, 1, '2017-09-06 00:51:21'),
(3432, 402, '2017-06-06', '16:25:00', 1, 1, 1, '2017-09-06 00:51:21'),
(3433, 402, '2017-06-07', '15:23:00', 0, 1, 1, '2017-09-06 00:51:21'),
(3434, 402, '2017-06-08', '15:05:00', 0, 1, 1, '2017-09-06 00:51:21'),
(3435, 402, '2017-06-09', '14:40:00', 0, 1, 1, '2017-09-06 00:51:21'),
(3436, 402, '2017-06-12', '15:05:00', 0, 1, 1, '2017-09-06 00:51:21'),
(3437, 402, '2017-06-13', '16:15:00', 1, 1, 1, '2017-09-06 00:51:21'),
(3438, 402, '2017-06-14', '15:12:00', 0, 1, 1, '2017-09-06 00:51:21'),
(3439, 402, '2017-06-15', '15:07:00', 0, 1, 1, '2017-09-06 00:51:21'),
(3440, 402, '2017-06-16', '14:59:00', 0, 1, 1, '2017-09-06 00:51:21'),
(3441, 402, '2017-06-19', '16:41:00', 1, 1, 1, '2017-09-06 00:51:21'),
(3442, 402, '2017-06-20', '23:00:00', 8, 1, 1, '2017-09-06 00:51:21'),
(3443, 402, '2017-06-21', '15:46:00', 0, 1, 1, '2017-09-06 00:51:21'),
(3444, 402, '2017-06-22', '15:08:00', 0, 1, 1, '2017-09-06 00:51:21'),
(3445, 403, '2017-06-01', '09:59:00', 0, 1, 1, '2017-09-06 00:51:21'),
(3446, 403, '2017-06-05', '16:13:00', 1, 1, 1, '2017-09-06 00:51:21'),
(3447, 403, '2017-06-06', '15:20:00', 0, 1, 1, '2017-09-06 00:51:21'),
(3448, 403, '2017-06-07', '17:34:00', 2, 1, 1, '2017-09-06 00:51:21'),
(3449, 403, '2017-06-08', '15:04:00', 0, 1, 1, '2017-09-06 00:51:21'),
(3450, 403, '2017-06-09', '14:47:00', 0, 1, 1, '2017-09-06 00:51:21'),
(3451, 403, '2017-06-12', '16:00:00', 1, 1, 1, '2017-09-06 00:51:21'),
(3452, 403, '2017-06-13', '15:09:00', 0, 1, 1, '2017-09-06 00:51:21'),
(3453, 403, '2017-06-14', '16:24:00', 1, 1, 1, '2017-09-06 00:51:21'),
(3454, 403, '2017-06-15', '16:56:00', 1, 1, 1, '2017-09-06 00:51:21'),
(3455, 403, '2017-06-16', '15:58:00', 0, 1, 1, '2017-09-06 00:51:21'),
(3456, 403, '2017-06-19', '15:07:00', 0, 1, 1, '2017-09-06 00:51:21'),
(3457, 403, '2017-06-20', '15:19:00', 0, 1, 1, '2017-09-06 00:51:21'),
(3458, 403, '2017-06-21', '15:59:00', 0, 1, 1, '2017-09-06 00:51:21'),
(3459, 403, '2017-06-22', '15:43:00', 0, 1, 1, '2017-09-06 00:51:21'),
(3460, 404, '2017-06-01', '08:31:00', 0, 1, 1, '2017-09-06 00:51:22'),
(3461, 404, '2017-06-02', '14:41:00', 0, 1, 1, '2017-09-06 00:51:22'),
(3462, 404, '2017-06-05', '15:06:00', 0, 1, 1, '2017-09-06 00:51:22'),
(3463, 404, '2017-06-06', '15:09:00', 0, 1, 1, '2017-09-06 00:51:22'),
(3464, 404, '2017-06-07', '15:19:00', 0, 1, 1, '2017-09-06 00:51:22'),
(3465, 404, '2017-06-08', '15:01:00', 0, 1, 1, '2017-09-06 00:51:22'),
(3466, 404, '2017-06-09', '14:44:00', 0, 1, 1, '2017-09-06 00:51:22'),
(3467, 404, '2017-06-12', '15:11:00', 0, 1, 1, '2017-09-06 00:51:22'),
(3468, 404, '2017-06-13', '15:11:00', 0, 1, 1, '2017-09-06 00:51:22'),
(3469, 404, '2017-06-14', '15:13:00', 0, 1, 1, '2017-09-06 00:51:22'),
(3470, 404, '2017-06-15', '15:16:00', 0, 1, 1, '2017-09-06 00:51:22'),
(3471, 404, '2017-06-16', '14:53:00', 0, 1, 1, '2017-09-06 00:51:22'),
(3472, 404, '2017-06-18', '18:38:00', 3, 1, 1, '2017-09-06 00:51:22'),
(3473, 404, '2017-06-19', '22:13:00', 7, 1, 1, '2017-09-06 00:51:22'),
(3474, 404, '2017-06-20', '15:03:00', 0, 1, 1, '2017-09-06 00:51:22'),
(3475, 404, '2017-06-21', '16:10:00', 1, 1, 1, '2017-09-06 00:51:22'),
(3476, 404, '2017-06-22', '15:39:00', 0, 1, 1, '2017-09-06 00:51:22'),
(3477, 404, '2017-06-24', '12:44:00', 0, 1, 1, '2017-09-06 00:51:22'),
(3478, 405, '2017-06-02', '16:18:00', 1, 1, 1, '2017-09-06 00:51:22'),
(3479, 405, '2017-06-05', '15:05:00', 0, 1, 1, '2017-09-06 00:51:22'),
(3480, 405, '2017-06-06', '16:12:00', 1, 1, 1, '2017-09-06 00:51:22'),
(3481, 405, '2017-06-07', '15:10:00', 0, 1, 1, '2017-09-06 00:51:22'),
(3482, 405, '2017-06-08', '15:00:00', 0, 1, 1, '2017-09-06 00:51:22'),
(3483, 405, '2017-06-09', '15:26:00', 0, 1, 1, '2017-09-06 00:51:22'),
(3484, 405, '2017-06-12', '15:14:00', 0, 1, 1, '2017-09-06 00:51:22'),
(3485, 405, '2017-06-13', '18:55:00', 3, 1, 1, '2017-09-06 00:51:22'),
(3486, 405, '2017-06-14', '15:07:00', 0, 1, 1, '2017-09-06 00:51:22'),
(3487, 405, '2017-06-15', '15:44:00', 0, 1, 1, '2017-09-06 00:51:22'),
(3488, 405, '2017-06-16', '15:03:00', 0, 1, 1, '2017-09-06 00:51:22'),
(3489, 405, '2017-06-19', '16:41:00', 1, 1, 1, '2017-09-06 00:51:22'),
(3490, 405, '2017-06-20', '23:00:00', 8, 1, 1, '2017-09-06 00:51:22'),
(3491, 405, '2017-06-21', '15:35:00', 0, 1, 1, '2017-09-06 00:51:22'),
(3492, 405, '2017-06-22', '15:34:00', 0, 1, 1, '2017-09-06 00:51:22'),
(3493, 405, '2017-06-29', '15:29:00', 0, 1, 1, '2017-09-06 00:51:22'),
(3494, 406, '2017-06-02', '14:33:00', 0, 1, 1, '2017-09-06 00:51:22'),
(3495, 406, '2017-06-05', '15:05:00', 0, 1, 1, '2017-09-06 00:51:22'),
(3496, 406, '2017-06-06', '16:12:00', 1, 1, 1, '2017-09-06 00:51:22'),
(3497, 406, '2017-06-07', '15:10:00', 0, 1, 1, '2017-09-06 00:51:22'),
(3498, 406, '2017-06-08', '15:00:00', 0, 1, 1, '2017-09-06 00:51:22'),
(3499, 406, '2017-06-09', '14:39:00', 0, 1, 1, '2017-09-06 00:51:22'),
(3500, 406, '2017-06-12', '15:05:00', 0, 1, 1, '2017-09-06 00:51:22'),
(3501, 406, '2017-06-13', '15:12:00', 0, 1, 1, '2017-09-06 00:51:23'),
(3502, 406, '2017-06-14', '15:04:00', 0, 1, 1, '2017-09-06 00:51:23'),
(3503, 406, '2017-06-15', '15:07:00', 0, 1, 1, '2017-09-06 00:51:23'),
(3504, 406, '2017-06-16', '15:08:00', 0, 1, 1, '2017-09-06 00:51:23'),
(3505, 406, '2017-06-19', '15:14:00', 0, 1, 1, '2017-09-06 00:51:23'),
(3506, 406, '2017-06-20', '15:41:00', 0, 1, 1, '2017-09-06 00:51:23'),
(3507, 406, '2017-06-21', '15:46:00', 0, 1, 1, '2017-09-06 00:51:23'),
(3508, 406, '2017-06-22', '15:06:00', 0, 1, 1, '2017-09-06 00:51:23'),
(3509, 407, '2017-06-01', '07:44:00', 0, 1, 1, '2017-09-06 00:51:23'),
(3510, 407, '2017-06-02', '14:36:00', 0, 1, 1, '2017-09-06 00:51:23'),
(3511, 407, '2017-06-05', '20:07:00', 5, 1, 1, '2017-09-06 00:51:23'),
(3512, 407, '2017-06-06', '15:55:00', 0, 1, 1, '2017-09-06 00:51:23'),
(3513, 407, '2017-06-07', '17:33:00', 2, 1, 1, '2017-09-06 00:51:23'),
(3514, 407, '2017-06-08', '18:53:00', 3, 1, 1, '2017-09-06 00:51:23'),
(3515, 407, '2017-06-09', '14:34:00', 0, 1, 1, '2017-09-06 00:51:23'),
(3516, 407, '2017-06-12', '21:01:00', 6, 1, 1, '2017-09-06 00:51:23'),
(3517, 407, '2017-06-13', '22:07:00', 7, 1, 1, '2017-09-06 00:51:23'),
(3518, 407, '2017-06-14', '18:43:00', 3, 1, 1, '2017-09-06 00:51:23'),
(3519, 407, '2017-06-15', '16:54:00', 1, 1, 1, '2017-09-06 00:51:23'),
(3520, 407, '2017-06-16', '14:37:00', 0, 1, 1, '2017-09-06 00:51:23'),
(3521, 407, '2017-06-19', '21:42:00', 6, 1, 1, '2017-09-06 00:51:23'),
(3522, 407, '2017-06-20', '23:00:00', 8, 1, 1, '2017-09-06 00:51:23'),
(3523, 407, '2017-06-21', '18:39:00', 3, 1, 1, '2017-09-06 00:51:23'),
(3524, 407, '2017-06-22', '15:01:00', 0, 1, 1, '2017-09-06 00:51:23'),
(3525, 408, '2017-06-01', '09:08:00', 0, 1, 1, '2017-09-06 00:51:23'),
(3526, 408, '2017-06-02', '15:37:00', 0, 1, 1, '2017-09-06 00:51:23'),
(3527, 408, '2017-06-05', '15:57:00', 0, 1, 1, '2017-09-06 00:51:23'),
(3528, 408, '2017-06-06', '15:15:00', 0, 1, 1, '2017-09-06 00:51:23'),
(3529, 408, '2017-06-07', '15:23:00', 0, 1, 1, '2017-09-06 00:51:23'),
(3530, 408, '2017-06-08', '15:07:00', 0, 1, 1, '2017-09-06 00:51:23'),
(3531, 408, '2017-06-09', '14:47:00', 0, 1, 1, '2017-09-06 00:51:23'),
(3532, 408, '2017-06-12', '15:59:00', 0, 1, 1, '2017-09-06 00:51:23'),
(3533, 408, '2017-06-13', '15:32:00', 0, 1, 1, '2017-09-06 00:51:23'),
(3534, 408, '2017-06-14', '15:21:00', 0, 1, 1, '2017-09-06 00:51:23'),
(3535, 408, '2017-06-15', '15:22:00', 0, 1, 1, '2017-09-06 00:51:23'),
(3536, 408, '2017-06-16', '15:45:00', 0, 1, 1, '2017-09-06 00:51:23'),
(3537, 408, '2017-06-19', '16:56:00', 1, 1, 1, '2017-09-06 00:51:23'),
(3538, 408, '2017-06-20', '23:00:00', 8, 1, 1, '2017-09-06 00:51:23'),
(3539, 408, '2017-06-21', '15:56:00', 0, 1, 1, '2017-09-06 00:51:23'),
(3540, 408, '2017-06-22', '16:11:00', 1, 1, 1, '2017-09-06 00:51:23'),
(3541, 409, '2017-06-01', '09:49:00', 0, 1, 1, '2017-09-06 00:51:23'),
(3542, 409, '2017-06-02', '14:33:00', 0, 1, 1, '2017-09-06 00:51:24'),
(3543, 409, '2017-06-05', '15:16:00', 0, 1, 1, '2017-09-06 00:51:24'),
(3544, 409, '2017-06-06', '15:19:00', 0, 1, 1, '2017-09-06 00:51:24'),
(3545, 409, '2017-06-07', '20:13:00', 5, 1, 1, '2017-09-06 00:51:24'),
(3546, 409, '2017-06-08', '15:02:00', 0, 1, 1, '2017-09-06 00:51:24'),
(3547, 409, '2017-06-09', '14:26:00', 0, 1, 1, '2017-09-06 00:51:24'),
(3548, 409, '2017-06-12', '15:15:00', 0, 1, 1, '2017-09-06 00:51:24'),
(3549, 409, '2017-06-13', '15:11:00', 0, 1, 1, '2017-09-06 00:51:24'),
(3550, 409, '2017-06-14', '18:02:00', 3, 1, 1, '2017-09-06 00:51:24'),
(3551, 409, '2017-06-15', '16:31:00', 1, 1, 1, '2017-09-06 00:51:24'),
(3552, 409, '2017-06-16', '14:35:00', 0, 1, 1, '2017-09-06 00:51:24'),
(3553, 409, '2017-06-19', '14:59:00', 0, 1, 1, '2017-09-06 00:51:24'),
(3554, 409, '2017-06-20', '15:01:00', 0, 1, 1, '2017-09-06 00:51:24'),
(3555, 409, '2017-06-21', '17:51:00', 2, 1, 1, '2017-09-06 00:51:24'),
(3556, 409, '2017-06-22', '18:14:00', 3, 1, 1, '2017-09-06 00:51:24'),
(3557, 410, '2017-06-01', '08:23:00', 0, 1, 1, '2017-09-06 00:51:24'),
(3558, 410, '2017-06-02', '14:32:00', 0, 1, 1, '2017-09-06 00:51:24'),
(3559, 410, '2017-06-03', '09:47:00', 0, 1, 1, '2017-09-06 00:51:24'),
(3560, 410, '2017-06-05', '15:08:00', 0, 1, 1, '2017-09-06 00:51:24'),
(3561, 410, '2017-06-06', '15:13:00', 0, 1, 1, '2017-09-06 00:51:24'),
(3562, 410, '2017-06-07', '21:58:00', 6, 1, 1, '2017-09-06 00:51:24'),
(3563, 410, '2017-06-08', '15:07:00', 0, 1, 1, '2017-09-06 00:51:24'),
(3564, 410, '2017-06-09', '15:03:00', 0, 1, 1, '2017-09-06 00:51:24'),
(3565, 410, '2017-06-12', '15:05:00', 0, 1, 1, '2017-09-06 00:51:24'),
(3566, 410, '2017-06-13', '15:08:00', 0, 1, 1, '2017-09-06 00:51:24'),
(3567, 410, '2017-06-14', '17:06:00', 2, 1, 1, '2017-09-06 00:51:24'),
(3568, 410, '2017-06-15', '15:16:00', 0, 1, 1, '2017-09-06 00:51:24'),
(3569, 410, '2017-06-16', '15:10:00', 0, 1, 1, '2017-09-06 00:51:24'),
(3570, 410, '2017-06-19', '15:10:00', 0, 1, 1, '2017-09-06 00:51:24'),
(3571, 410, '2017-06-20', '18:06:00', 3, 1, 1, '2017-09-06 00:51:24'),
(3572, 410, '2017-06-21', '16:05:00', 1, 1, 1, '2017-09-06 00:51:24'),
(3573, 410, '2017-06-22', '15:07:00', 0, 1, 1, '2017-09-06 00:51:24'),
(3574, 411, '2017-06-02', '15:49:00', 0, 1, 1, '2017-09-06 00:51:24'),
(3575, 411, '2017-06-05', '16:13:00', 1, 1, 1, '2017-09-06 00:51:25'),
(3576, 411, '2017-06-06', '15:24:00', 0, 1, 1, '2017-09-06 00:51:25'),
(3577, 411, '2017-06-07', '17:34:00', 2, 1, 1, '2017-09-06 00:51:25'),
(3578, 411, '2017-06-08', '18:53:00', 3, 1, 1, '2017-09-06 00:51:25'),
(3579, 411, '2017-06-09', '15:12:00', 0, 1, 1, '2017-09-06 00:51:25'),
(3580, 411, '2017-06-12', '16:00:00', 1, 1, 1, '2017-09-06 00:51:25'),
(3581, 411, '2017-06-13', '18:44:00', 3, 1, 1, '2017-09-06 00:51:25'),
(3582, 411, '2017-06-14', '16:24:00', 1, 1, 1, '2017-09-06 00:51:25'),
(3583, 411, '2017-06-15', '16:56:00', 1, 1, 1, '2017-09-06 00:51:25'),
(3584, 411, '2017-06-16', '15:58:00', 0, 1, 1, '2017-09-06 00:51:25'),
(3585, 411, '2017-06-19', '15:44:00', 0, 1, 1, '2017-09-06 00:51:25'),
(3586, 411, '2017-06-20', '17:05:00', 2, 1, 1, '2017-09-06 00:51:25'),
(3587, 411, '2017-06-21', '16:08:00', 1, 1, 1, '2017-09-06 00:51:25'),
(3588, 411, '2017-06-22', '15:07:00', 0, 1, 1, '2017-09-06 00:51:25'),
(3589, 412, '2017-06-01', '08:17:00', 0, 1, 1, '2017-09-06 00:51:25'),
(3590, 412, '2017-06-02', '15:38:00', 0, 1, 1, '2017-09-06 00:51:25'),
(3591, 412, '2017-06-05', '19:48:00', 4, 1, 1, '2017-09-06 00:51:25'),
(3592, 412, '2017-06-06', '16:46:00', 1, 1, 1, '2017-09-06 00:51:25'),
(3593, 412, '2017-06-07', '23:28:00', 8, 1, 1, '2017-09-06 00:51:25'),
(3594, 412, '2017-06-08', '20:04:00', 5, 1, 1, '2017-09-06 00:51:25'),
(3595, 412, '2017-06-12', '16:29:00', 1, 1, 1, '2017-09-06 00:51:25'),
(3596, 412, '2017-06-13', '15:17:00', 0, 1, 1, '2017-09-06 00:51:25'),
(3597, 412, '2017-06-14', '16:19:00', 1, 1, 1, '2017-09-06 00:51:25'),
(3598, 412, '2017-06-15', '16:18:00', 1, 1, 1, '2017-09-06 00:51:25'),
(3599, 412, '2017-06-16', '16:01:00', 1, 1, 1, '2017-09-06 00:51:26'),
(3600, 412, '2017-06-19', '22:07:00', 7, 1, 1, '2017-09-06 00:51:26'),
(3601, 412, '2017-06-20', '17:10:00', 2, 1, 1, '2017-09-06 00:51:26'),
(3602, 412, '2017-06-21', '17:52:00', 2, 1, 1, '2017-09-06 00:51:26'),
(3603, 412, '2017-06-22', '17:04:00', 2, 1, 1, '2017-09-06 00:51:26');

-- --------------------------------------------------------

--
-- Table structure for table `rapat`
--

CREATE TABLE `rapat` (
  `ID_RAPAT` int(11) NOT NULL,
  `JUDUL_RAPAT` varchar(200) NOT NULL,
  `WAKTU_RAPAT` datetime NOT NULL,
  `ID_RUANG` int(11) NOT NULL,
  `ID_USER_INPUT` bigint(20) NOT NULL,
  `STATUS` int(11) NOT NULL DEFAULT '1',
  `STATUS_AKTIVASI` int(11) NOT NULL DEFAULT '0',
  `DATE_MODIFIED` timestamp NOT NULL DEFAULT CURRENT_TIMESTAMP ON UPDATE CURRENT_TIMESTAMP
) ENGINE=InnoDB DEFAULT CHARSET=latin1;

--
-- Dumping data for table `rapat`
--

INSERT INTO `rapat` (`ID_RAPAT`, `JUDUL_RAPAT`, `WAKTU_RAPAT`, `ID_RUANG`, `ID_USER_INPUT`, `STATUS`, `STATUS_AKTIVASI`, `DATE_MODIFIED`) VALUES
(4, 'huehuehe', '2017-08-25 19:34:00', 1, 1, 1, 0, '2017-08-22 12:34:16'),
(5, '123123', '2017-08-27 23:45:00', 1, 1, 0, 0, '2017-08-22 13:13:53'),
(6, 'rapat baru di edit', '2017-09-01 17:00:00', 2, 1, 1, 1, '2017-08-19 09:56:03'),
(7, 'rapat baru', '2017-08-31 10:00:00', 1, 1, 0, 1, '2017-08-22 13:12:29'),
(8, 'ini rapat baru loh', '2017-08-23 13:30:00', 1, 1, 0, 0, '2017-08-24 06:23:01'),
(9, '21421', '2017-08-22 23:15:00', 2, 1, 0, 0, '2017-08-22 16:31:17'),
(10, 'awdawdawdwa', '2017-08-27 23:25:00', 2, 1, 0, 0, '2017-08-24 23:56:24'),
(11, 'awdfwafwa', '2017-08-27 09:45:00', 1, 1, 0, 1, '2017-08-24 23:56:24'),
(12, '12321', '2017-08-27 08:40:00', 2, 1, 1, 0, '2017-08-22 18:40:34'),
(13, 'aku yang buat', '2017-08-25 11:24:00', 2, 19, 1, 1, '2017-08-23 06:32:27'),
(14, 'hah', '0000-00-00 00:00:00', 2, 1, 0, 0, '2017-08-24 06:23:01'),
(15, 'hahahaha', '2017-08-23 11:26:00', 1, 19, 0, 0, '2017-08-24 06:23:01'),
(16, '54125125', '2017-08-23 11:55:00', 2, 19, 0, 1, '2017-08-24 06:23:01'),
(17, 'aaaaaaaaaaaaaaaaaaa', '2017-08-31 13:36:00', 1, 19, 1, 1, '2017-08-23 04:59:57'),
(18, 'yataw', '2017-08-24 10:40:00', 1, 19, 0, 0, '2017-08-24 06:23:01'),
(19, 'rapat1', '2017-08-24 14:00:00', 1, 19, 1, 0, '2017-08-23 05:00:18'),
(20, 'rapat2', '2017-08-24 19:00:00', 1, 19, 1, 1, '2017-08-23 05:23:32'),
(21, 'admin nyoba', '2017-08-24 13:30:00', 1, 19, 1, 0, '2017-08-23 05:30:14'),
(22, 'admin nyoba lagi', '2017-08-23 12:32:00', 1, 19, 0, 0, '2017-08-24 06:23:01'),
(23, 'ver nyoba1', '2017-08-26 08:33:00', 2, 19, 1, 0, '2017-08-23 05:33:44'),
(24, 'user nyoba1 edit', '2017-08-31 13:45:00', 2, 19, 1, 0, '2017-08-23 06:20:46'),
(25, 'Rapatnew', '2017-08-25 14:25:00', 1, 1, 1, 0, '2017-08-24 07:25:38'),
(26, 'baru sekali', '2017-08-24 23:24:00', 2, 20, 1, 1, '2017-08-26 05:26:11'),
(27, 'ini rapat baru loh', '2017-09-01 09:00:00', 2, 1, 0, 1, '2017-08-25 01:17:37'),
(28, 'Kandidat', '2017-09-10 12:33:00', 1, 20, 1, 1, '2017-09-02 05:34:05'),
(29, 'debug2', '2017-09-02 12:46:00', 1, 1, 1, 0, '2017-09-02 05:46:55'),
(30, 'debug2', '2017-09-02 12:49:00', 1, 1, 1, 0, '2017-09-02 05:49:04'),
(31, 'Nyoba rapat hari ini', '2017-09-03 23:10:00', 1, 1, 1, 0, '2017-09-03 15:15:31'),
(32, 'nyoba banyak1', '2017-09-04 22:20:00', 1, 1, 1, 0, '2017-09-03 15:20:56'),
(33, 'nyoba banyak 2', '2017-09-04 09:00:00', 1, 1, 1, 0, '2017-09-03 15:21:13'),
(34, 'awdaw', '2017-09-12 05:00:00', 1, 1, 1, 0, '2017-09-03 15:21:35'),
(35, 'tambah rapat', '2017-09-04 16:00:00', 1, 1, 1, 0, '2017-09-04 06:37:20'),
(36, 'ngetest', '2017-09-04 17:36:00', 2, 1, 1, 0, '2017-09-04 06:38:11'),
(37, '32urou3iohwie', '2017-09-14 13:23:00', 2, 1, 1, 0, '2017-09-14 06:23:31');

-- --------------------------------------------------------

--
-- Table structure for table `rekap`
--

CREATE TABLE `rekap` (
  `ID_REKAP` int(11) NOT NULL,
  `BULAN` int(11) NOT NULL,
  `TAHUN` int(11) NOT NULL,
  `ID_PEGAWAI` int(11) NOT NULL,
  `PRESENSI` int(11) NOT NULL,
  `LEMBUR` int(11) NOT NULL
) ENGINE=InnoDB DEFAULT CHARSET=latin1;

--
-- Dumping data for table `rekap`
--

INSERT INTO `rekap` (`ID_REKAP`, `BULAN`, `TAHUN`, `ID_PEGAWAI`, `PRESENSI`, `LEMBUR`) VALUES
(117, 8, 2017, 393, 1, 2),
(118, 6, 2017, 394, 14, 26),
(119, 6, 2017, 395, 15, 27),
(120, 6, 2017, 396, 15, 13),
(121, 6, 2017, 397, 15, 21),
(122, 6, 2017, 398, 15, 20),
(123, 6, 2017, 399, 15, 13),
(124, 6, 2017, 400, 15, 16),
(125, 6, 2017, 401, 14, 12),
(126, 6, 2017, 402, 15, 19),
(127, 6, 2017, 403, 14, 14),
(128, 6, 2017, 404, 15, 16),
(129, 6, 2017, 405, 15, 22),
(130, 6, 2017, 406, 14, 9),
(131, 6, 2017, 407, 15, 52),
(132, 6, 2017, 408, 15, 18),
(133, 6, 2017, 409, 15, 22),
(134, 6, 2017, 410, 15, 20),
(135, 6, 2017, 411, 14, 23),
(136, 6, 2017, 412, 14, 43);

-- --------------------------------------------------------

--
-- Table structure for table `ruang_rapat`
--

CREATE TABLE `ruang_rapat` (
  `ID_RUANG` int(11) NOT NULL,
  `NAMA_RUANG` varchar(50) NOT NULL,
  `STATUS_RUANG` int(11) NOT NULL DEFAULT '1'
) ENGINE=InnoDB DEFAULT CHARSET=latin1;

--
-- Dumping data for table `ruang_rapat`
--

INSERT INTO `ruang_rapat` (`ID_RUANG`, `NAMA_RUANG`, `STATUS_RUANG`) VALUES
(1, 'Majapahit', 1),
(2, 'Singosari', 1);

-- --------------------------------------------------------

--
-- Table structure for table `satuan_kerja`
--

CREATE TABLE `satuan_kerja` (
  `ID_SATKER` int(11) NOT NULL,
  `NAMA_SATKER` varchar(100) NOT NULL,
  `STATUS` int(11) NOT NULL
) ENGINE=InnoDB DEFAULT CHARSET=latin1;

--
-- Dumping data for table `satuan_kerja`
--

INSERT INTO `satuan_kerja` (`ID_SATKER`, `NAMA_SATKER`, `STATUS`) VALUES
(1, 'ITIKOM', 0),
(2, 'Tata Usaha', 0);

-- --------------------------------------------------------

--
-- Table structure for table `user`
--

CREATE TABLE `user` (
  `ID_USER` int(11) NOT NULL,
  `ID_PEGAWAI` int(11) NOT NULL,
  `USERNAME` varchar(50) NOT NULL,
  `PASSWORD` varchar(100) NOT NULL,
  `STATUS` int(11) NOT NULL DEFAULT '1',
  `OTORITAS` int(11) NOT NULL,
  `DATE_MODIFIED` timestamp NOT NULL DEFAULT CURRENT_TIMESTAMP ON UPDATE CURRENT_TIMESTAMP
) ENGINE=InnoDB DEFAULT CHARSET=latin1;

--
-- Dumping data for table `user`
--

INSERT INTO `user` (`ID_USER`, `ID_PEGAWAI`, `USERNAME`, `PASSWORD`, `STATUS`, `OTORITAS`, `DATE_MODIFIED`) VALUES
(1, 1, '11155', '12345', 1, 1, '2017-08-12 05:45:30'),
(2, 194, '123', '1234', 0, 2, '2017-08-12 05:26:38'),
(3, 324, '12412', '1234', 0, 1, '2017-08-12 02:54:53'),
(4, 325, '950', '12312312412', 0, 2, '2017-09-05 23:25:55'),
(6, 327, '124214124', '12321', 0, 2, '2017-08-12 02:54:29'),
(7, 327, '121', '1234', 0, 1, '2017-08-12 05:25:31'),
(8, 324, '145150407111051', '125215215215215215215', 0, 1, '2017-08-12 05:31:43'),
(9, 324, '145150407111051', '12345', 0, 1, '2017-08-12 08:08:16'),
(10, 230, '1667092896699', '12345', 0, 1, '2017-08-14 06:07:22'),
(11, 230, '1667092896699', '2123421', 1, 1, '2017-08-12 06:26:22'),
(12, 192, '1614112862399', '1234', 1, 1, '2017-08-12 07:42:00'),
(13, 327, '121', '12345', 0, 1, '2017-08-12 09:01:59'),
(14, 230, '1667092896699', '12345', 0, 2, '2017-08-17 20:56:34'),
(15, 327, '121', '12345', 0, 1, '2017-08-12 09:04:02'),
(16, 289, '16889411', '12345', 0, 1, '2017-08-12 12:37:33'),
(17, 230, '1667092896699', '12345', 0, 2, '2017-08-12 15:59:18'),
(18, 230, '1667092896699', '215r215125', 0, 0, '2017-08-19 08:01:13'),
(19, 324, '145150407111051', '12345', 1, 3, '2017-09-23 08:22:25'),
(20, 327, '121', '12345', 1, 2, '2017-08-24 16:34:58'),
(21, 364, '123', '12345', 1, 3, '2017-08-24 16:53:26'),
(22, 190, '1691102662499', '9999999999', 1, 3, '2017-08-25 01:16:36'),
(23, 370, '123456', '12345', 1, 3, '2017-08-26 06:36:08'),
(24, 391, '123', '12321', 0, 3, '2017-09-02 05:18:05'),
(25, 391, '123', '12321', 0, 3, '2017-09-02 05:18:05'),
(26, 391, '123', '12321', 0, 3, '2017-09-02 05:18:05'),
(27, 392, '12321', '12321', 0, 2, '2017-09-04 06:08:03'),
(28, 392, '123212', '12321', 0, 2, '2017-09-02 05:23:59'),
(29, 392, '123212', '12321', 0, 1, '2017-09-04 06:07:46'),
(30, 392, '123212', '12321', 0, 2, '2017-09-04 06:07:40'),
(31, 392, '123212', '12321', 0, 2, '2017-09-04 06:07:40'),
(32, 392, '123212', '12345', 1, 1, '2017-09-04 06:11:08'),
(33, 254, '16h7091813699', '12345', 1, 3, '2017-09-06 03:46:59');

--
-- Indexes for dumped tables
--

--
-- Indexes for table `hari_libur`
--
ALTER TABLE `hari_libur`
  ADD PRIMARY KEY (`ID_HARI_LIBUR`),
  ADD KEY `ID_USER_LAST_EDITOR` (`ID_USER_INPUT`);

--
-- Indexes for table `non_pegawai`
--
ALTER TABLE `non_pegawai`
  ADD PRIMARY KEY (`ID`);

--
-- Indexes for table `pegawai`
--
ALTER TABLE `pegawai`
  ADD PRIMARY KEY (`ID_PEGAWAI`),
  ADD KEY `ID_SATKER` (`ID_SATKER`);

--
-- Indexes for table `peserta_rapat`
--
ALTER TABLE `peserta_rapat`
  ADD PRIMARY KEY (`ID_PESERTA_RAPAT`),
  ADD KEY `ID_RAPAT` (`ID_RAPAT`);

--
-- Indexes for table `presensi`
--
ALTER TABLE `presensi`
  ADD PRIMARY KEY (`ID_PRESENSI`),
  ADD KEY `ID_PEGAWAI` (`ID_PEGAWAI`),
  ADD KEY `ID_USER_INPUT` (`ID_USER_INPUT`);

--
-- Indexes for table `rapat`
--
ALTER TABLE `rapat`
  ADD PRIMARY KEY (`ID_RAPAT`),
  ADD KEY `ID_RUANG` (`ID_RUANG`),
  ADD KEY `ID_USER_INPUT` (`ID_USER_INPUT`);

--
-- Indexes for table `rekap`
--
ALTER TABLE `rekap`
  ADD PRIMARY KEY (`ID_REKAP`),
  ADD KEY `ID_PEGAWAI` (`ID_PEGAWAI`);

--
-- Indexes for table `ruang_rapat`
--
ALTER TABLE `ruang_rapat`
  ADD PRIMARY KEY (`ID_RUANG`);

--
-- Indexes for table `satuan_kerja`
--
ALTER TABLE `satuan_kerja`
  ADD PRIMARY KEY (`ID_SATKER`);

--
-- Indexes for table `user`
--
ALTER TABLE `user`
  ADD PRIMARY KEY (`ID_USER`),
  ADD KEY `ID_USER` (`ID_PEGAWAI`),
  ADD KEY `ID_USER_2` (`ID_PEGAWAI`),
  ADD KEY `ID_USER_3` (`ID_PEGAWAI`);

--
-- AUTO_INCREMENT for dumped tables
--

--
-- AUTO_INCREMENT for table `hari_libur`
--
ALTER TABLE `hari_libur`
  MODIFY `ID_HARI_LIBUR` int(11) NOT NULL AUTO_INCREMENT, AUTO_INCREMENT=6;
--
-- AUTO_INCREMENT for table `non_pegawai`
--
ALTER TABLE `non_pegawai`
  MODIFY `ID` bigint(20) NOT NULL AUTO_INCREMENT, AUTO_INCREMENT=3;
--
-- AUTO_INCREMENT for table `pegawai`
--
ALTER TABLE `pegawai`
  MODIFY `ID_PEGAWAI` int(11) NOT NULL AUTO_INCREMENT, AUTO_INCREMENT=413;
--
-- AUTO_INCREMENT for table `peserta_rapat`
--
ALTER TABLE `peserta_rapat`
  MODIFY `ID_PESERTA_RAPAT` int(11) NOT NULL AUTO_INCREMENT, AUTO_INCREMENT=319;
--
-- AUTO_INCREMENT for table `presensi`
--
ALTER TABLE `presensi`
  MODIFY `ID_PRESENSI` int(11) NOT NULL AUTO_INCREMENT, AUTO_INCREMENT=3604;
--
-- AUTO_INCREMENT for table `rapat`
--
ALTER TABLE `rapat`
  MODIFY `ID_RAPAT` int(11) NOT NULL AUTO_INCREMENT, AUTO_INCREMENT=38;
--
-- AUTO_INCREMENT for table `rekap`
--
ALTER TABLE `rekap`
  MODIFY `ID_REKAP` int(11) NOT NULL AUTO_INCREMENT, AUTO_INCREMENT=137;
--
-- AUTO_INCREMENT for table `ruang_rapat`
--
ALTER TABLE `ruang_rapat`
  MODIFY `ID_RUANG` int(11) NOT NULL AUTO_INCREMENT, AUTO_INCREMENT=3;
--
-- AUTO_INCREMENT for table `user`
--
ALTER TABLE `user`
  MODIFY `ID_USER` int(11) NOT NULL AUTO_INCREMENT, AUTO_INCREMENT=34;
--
-- Constraints for dumped tables
--

--
-- Constraints for table `hari_libur`
--
ALTER TABLE `hari_libur`
  ADD CONSTRAINT `hari_libur_ibfk_1` FOREIGN KEY (`ID_USER_INPUT`) REFERENCES `user` (`ID_USER`);

--
-- Constraints for table `pegawai`
--
ALTER TABLE `pegawai`
  ADD CONSTRAINT `pegawai_ibfk_1` FOREIGN KEY (`ID_SATKER`) REFERENCES `satuan_kerja` (`ID_SATKER`);

--
-- Constraints for table `peserta_rapat`
--
ALTER TABLE `peserta_rapat`
  ADD CONSTRAINT `peserta_rapat_ibfk_1` FOREIGN KEY (`ID_RAPAT`) REFERENCES `rapat` (`ID_RAPAT`);

--
-- Constraints for table `presensi`
--
ALTER TABLE `presensi`
  ADD CONSTRAINT `presensi_ibfk_1` FOREIGN KEY (`ID_PEGAWAI`) REFERENCES `pegawai` (`ID_PEGAWAI`),
  ADD CONSTRAINT `presensi_ibfk_2` FOREIGN KEY (`ID_USER_INPUT`) REFERENCES `user` (`ID_USER`);

--
-- Constraints for table `rekap`
--
ALTER TABLE `rekap`
  ADD CONSTRAINT `rekap_ibfk_1` FOREIGN KEY (`ID_PEGAWAI`) REFERENCES `pegawai` (`ID_PEGAWAI`);

/*!40101 SET CHARACTER_SET_CLIENT=@OLD_CHARACTER_SET_CLIENT */;
/*!40101 SET CHARACTER_SET_RESULTS=@OLD_CHARACTER_SET_RESULTS */;
/*!40101 SET COLLATION_CONNECTION=@OLD_COLLATION_CONNECTION */;
